"","period","NEEgC_f_RF","RecogC","GPPgC_f_RF","CH4_gC_RF","day_count"
"1","2015-2016",-42.3600057593954,576.687272039747,619.047277799142,17.581965925117,366
"2","2016-2017",30.3591900941478,503.539662464617,473.180472370469,17.9514418280529,365
"3","2017-2018",-7.13730240966239,433.990662590674,441.127965000336,13.4728022008326,365
"4","2018-2019",-34.9360025671888,374.214415949911,409.1504185171,12.5988896338725,365
"5","2019-2020",-9.84765850510557,371.906082314391,381.753740819497,11.7362407390057,366
"6","2020-2021",12.1130152804603,383.978389149468,371.865373869008,13.2577189060221,365
