"","SSf","SSic","SSsc","SSe"
"1",6.8757558041696,79.4171597931442,6.81881617472838,6.88826822795787
