"","SSf","SSic","SSsc","SSe"
"1",10.6587805313415,11.5140691669369,53.7196851230727,24.1074651786489
