"","SSf","SSic","SSsc","SSe"
"1",16.853082647558,17.640409787752,48.6059316021813,16.9005759625087
