"","period","NEEgC_f_RF","RecogC","GPPgC_f_RF","CH4_gC_RF","day_count"
"1","2016-2017",11.4580831843429,470.146561458655,458.688478274312,18.0480655263511,365
"2","2017-2018",-25.9588815089662,428.65471584618,454.613597355146,13.2198561421168,365
"3","2018-2019",-32.663013261935,376.407814378351,409.070827640286,12.1960560047136,365
"4","2019-2020",-26.3425711589624,356.957846282482,383.300417441444,11.6495810352267,366
"5","2020-2021",11.910297910737,390.644731609344,378.734433698607,13.1942346319325,365
