"","period","NEEgC_f_RF","RecogC","GPPgC_f_RF","CH4_gC_RF","day_count"
"1","2015-2016",-41.8082547134323,576.687273510514,618.495528223947,17.9639870209859,366
"2","2016-2017",28.8551217510203,503.539667749939,474.684545998919,17.6426563472578,365
"3","2017-2018",-7.13730240966239,433.990659422614,441.127961832276,13.2861326282774,365
"4","2018-2019",-34.9360025671888,374.214412902509,409.150415469697,12.4692154113177,365
"5","2019-2020",-9.84777928847457,371.906079997751,381.753859286225,11.5187997971604,366
"6","2020-2021",12.11372829269,383.978391467184,371.864663174494,13.1617994401509,365
