"","period","min_TS.5","max_TS.5","min_Ta","max_Ta","min_wtd","max_wtd","day_wtd","day_wtd2","day_precip","TS.5","TS.10","TS.50","RH","PARin","SWin","VPD","Precip","PA","Ta","SWC","wtd"
"1","2015-2016",2.16809670833333,20.7951320833333,-4.25345445833333,22.7921077083333,-0.211470072916667,0.155929814587059,201,71,211,12.4864000196713,12.3775748303141,12.4148959959945,82.7488404182587,10241.0212565893,140.380771744944,0.312209071748997,1102.9,101.549631656203,11.1983011004619,82.562543682,-0.00149326564554032
"2","2016-2017",0.620578604166667,19.5386335416667,-6.06474622916667,22.3171102083333,-0.188682866666667,0.168706335416667,267,54,204,11.4196293576484,11.2654953830479,11.0746534119863,82.5626731974886,9776.1281948115,137.38608425782,0.295080817959762,1296.6,101.463062214612,10.3025411453196,79.336116831621,0.0477502812128208
"3","2017-2018",2.58097264583333,19.3375752083333,-2.55568808333333,23.2928102083333,-0.22947273125,0.15149456875,219,89,194,11.368240207363,11.1638076089612,11.05903822129,83.7502834143836,9820.65471072371,141.318755530251,0.29244440098622,1198.9,101.747663861872,10.4892465785103,80.5226798772831,0.00609276371920017
"4","2018-2019",2.3737881875,18.616695,-4.57833033333333,22.5737979166667,-0.191514516666667,0.137055960416667,218,78,183,11.3636866888128,11.2294993923516,11.1892918671233,83.8468977437215,11296.5815177505,145.481560541553,0.272191072545022,1060.8,101.685346200913,10.439128590411,83.5290223732877,-0.000595614085725514
"5","2019-2020",2.93221652083333,19.0041245833333,-7.45193622916667,22.6676747916667,-0.139160875,0.14045966875,266,29,206,11.3389290636384,11.1999066320583,11.245028234745,85.3970032166439,10754.2155844191,140.390782131546,0.25066090022884,1168.9,101.769232385018,10.3299685131204,83.6594965038707,0.0229105623226116
"6","2020-2021",3.038751875,20.4230264583333,-2.0604100625,29.4387810416667,-0.228642183333333,0.134905277083333,236,84,193,11.4129945124429,11.3213818792808,11.3566446511986,85.4193974486301,10361.4971536046,145.058558080537,0.267351772010884,1113,101.775270153539,10.8486388130137,86.2064535005708,-0.00112009618990959
