,period,min_TS.5,max_TS.5,min_Ta,max_Ta,min_wtd,max_wtd,day_wtd,day_wtd2,day_precip,TS.5,TS.10,TS.50,RH,PARin,SWin,VPD,Precip,PA,Ta,SWC,wtd
1,2015-2016,2.168096708,20.79513208,-4.253454458,22.79210771,-0.211470073,0.155929815,201,71,211,12.48640002,12.37757483,12.414896,82.74884042,10241.02126,140.3807717,0.312209072,1102.9,101.5496317,11.1983011,82.56254368,-0.001493266
2,2016-2017,0.620578604,19.53863354,-6.064746229,22.31711021,-0.188682867,0.168706335,267,54,204,11.41962936,11.26549538,11.07465341,82.5626732,9776.128195,137.3860843,0.295080818,1296.6,101.4630622,10.30254115,79.33611683,0.047750281
3,2017-2018,2.580972646,19.33757521,-2.555688083,23.29281021,-0.229472731,0.151494569,219,89,194,11.36824021,11.16380761,11.05903822,83.75028341,9820.654711,141.3187555,0.292444401,1198.9,101.7476639,10.48924658,80.52267988,0.006092764
4,2018-2019,2.373788188,18.616695,-4.578330333,22.57379792,-0.191514517,0.13705596,218,78,183,11.36368669,11.22949939,11.18929187,83.84689774,11296.58152,145.4815605,0.272191073,1060.8,101.6853462,10.43912859,83.52902237,-0.000595614
5,2019-2020,2.932216521,19.00412458,-7.451936229,22.66767479,-0.139160875,0.140459669,266,29,206,11.33892906,11.19990663,11.24502823,85.39700322,10754.21558,140.3907821,0.2506609,1168.9,101.7692324,10.32996851,83.6594965,0.022910562
6,2020-2021,3.038751875,20.42302646,-2.060410063,29.43878104,-0.228642183,0.134905277,236,84,193,11.41299451,11.32138188,11.35664465,85.41939745,10361.49715,145.0585581,0.267351772,1113,101.7752702,10.84863881,86.2064535,-0.001120096
