"","SSf","SSic","SSsc","SSe"
"1",3.88193475944695,19.5186567707793,42.8423613967149,33.7570470730588
