"","SSic","SSsc","SSe"
"1",20.3069596978781,44.5726422910137,35.1203980111082
