"","SSf","SSic","SSsc","SSe"
"1",10.705777978818,23.0555073958004,37.3534834690939,28.8852311562877
