"","SSf","SSic","SSsc","SSe"
"1",4.09045822035626,65.1688072897213,11.730717169121,19.0100173208014
