"","period","GS_NEE","GS_NEE_CI","GS_GPP","GS_GPP_CI","GS_Reco","GS_Reco_CI","GS_CH4","GS_CH4_CI","NGS_NEE","NGS_NEE_CI","NGS_GPP","NGS_GPP_CI","NGS_Reco","NGS_Reco_CI","NGS_CH4","NGS_CH4_CI"
"1",2015,-48.2072150654697,6.77490852622651,434.092032640993,19.9435112900297,385.884817575523,23.4297046956234,13.152856244078,0.435363334744309,6.48128730183129,13.069168844235,184.264477419359,14.165779111636,190.745764721191,4.85422536514084,4.81113077690789,1.1147676619488
"2",2016,-74.2709786840973,2.84147795946065,390.361130573704,21.8616209934859,316.090151889607,24.1678288730943,15.9401946593899,1.3089816867441,103.16075824547,21.7954175484151,84.289790307533,22.5258363470536,187.450548553003,6.89257832047287,1.70246168786785,0.694360988798427
"3",2017,-62.2024313553446,6.79073405168022,380.033629238212,7.2697323705008,317.831197882867,5.90640102281741,11.2705523361707,0.323958012727628,55.0376570730882,3.26859341589997,61.1182584775399,4.23771624100031,116.155915550628,2.23728086571577,2.01558029210674,0.366863184390578
"4",2018,-57.6126607166918,7.78945663589652,342.513048571322,4.12076874983589,284.90038785463,8.01772909984119,10.9747867029479,0.286278446106292,22.7369591943614,18.3860532171071,66.567502847241,16.87700842728,89.3044620416024,2.76367863412614,1.49442870836984,0.383800557604795
"5",2019,-73.9059293817074,3.37675266949737,329.617294785373,16.4431924241712,255.711365403666,17.6309002393123,9.95431794632139,0.285029714478289,64.0230693379173,14.6060410842244,52.1824034092273,14.1934010647545,116.205472747145,4.54699903302763,1.56448185083897,0.35370639277995
"6",2020,-35.1653569107948,5.64111903940575,321.464852797912,23.2421085840242,286.299495887117,27.7511720090287,11.0401589151988,0.293737073180272,47.2746523543966,14.9169981042712,50.3980544235007,13.9587465173536,97.6727067778973,9.75086272239597,2.12164052495209,0.370142853670767
