"","period","GS_NEE","GS_NEE_CI","GS_GPP","GS_GPP_CI","GS_Reco","GS_Reco_CI","GS_CH4","GS_CH4_CI","NGS_NEE","NGS_NEE_CI","NGS_GPP","NGS_GPP_CI","NGS_Reco","NGS_Reco_CI","NGS_CH4","NGS_CH4_CI"
"1",2015,-48.2087655178749,6.71521289308983,434.093581622351,23.8193726189658,385.884816104476,27.1428581000206,13.0596244858263,0.37326750845669,5.93084445871158,16.2625084500764,184.814920262479,16.7436390689825,190.745764721191,3.93883304459235,4.52234143929079,0.973821407708424
"2",2016,-74.2709786840973,2.79906171245393,390.36113137416,21.2518564405887,316.090152690062,23.1920054464498,15.8960188541401,0.938270645168058,104.667210870465,21.9721413371761,82.7833315956343,22.9521029888461,187.450542466099,10.8938197901755,2.0554229739128,0.62728550218813
"3",2017,-62.2024313553446,8.03674789384169,380.033632565383,7.68917762202407,317.831201210038,4.55614862257445,11.2040255176445,0.431608175875355,55.0376570730882,5.15308342553787,61.1182583205503,5.68317348169202,116.155915393639,2.2216707742877,2.26877668318808,0.360755855959704
"4",2018,-57.6126607166918,6.77086491892701,342.51305081163,4.78989167132157,284.900390094938,8.07114683338163,10.9364259962723,0.290063897549647,22.7369591943614,20.2668322549523,66.5675036533482,18.0817841224603,89.3044628477096,3.06679497149007,1.66246363760019,0.400841321131007
"5",2019,-73.9059293817074,3.15278313624483,329.61729685216,15.3930813673559,255.711367470453,15.9228019629497,9.96181954862343,0.386282742730472,64.0231901212863,13.5038299647095,52.1822828814519,12.5830953686794,116.205473002738,3.67770983566093,1.77442119038229,0.433318163442707
"6",2020,-35.1654639909146,4.48945879342399,321.464957054761,15.9755454004815,286.299493063847,18.9708220351553,11.0400709445568,0.443964568997314,47.2740464222868,10.7553149135662,50.398660859585,11.5590498060385,97.6727072818718,8.02172020292902,2.21764796146531,0.384925166460178
